size,time
5,5535
10,3993
50,77837
100,254838
500,6.01622e+06
1000,2.92042e+07
